label,precision,recall,f1-score,support
negative,0.8531232414181205,0.8474007825600894,0.8502523836231072,1789.0
neutral,0.3504380475594493,0.4903677758318739,0.40875912408759124,571.0
positive,0.8857901726427623,0.7746806039488966,0.8265179677819083,1722.0
accuracy,0.766780989710926,0.766780989710926,0.766780989710926,0.766780989710926
macro avg,0.6964504872067773,0.7041497207802867,0.6951764918308689,4082.0
weighted avg,0.7965870360961047,0.766780989710926,0.7784828306409111,4082.0
