label,precision,recall,f1-score,support
negative,0.8496732026143791,0.8157444381061039,0.8323632130384168,1753.0
neutral,0.3211764705882353,0.5009174311926605,0.3913978494623656,545.0
positive,0.8785900783289817,0.7617430673457838,0.8160048499545317,1767.0
accuracy,0.7500615006150062,0.7500615006150062,0.7500615006150062,0.7500615006150062
macro avg,0.6831465838438654,0.6928016455481827,0.679921970818438,4065.0
weighted avg,0.7913867082560654,0.7500615006150062,0.7661316384460003,4065.0
